Sequence,Hemolysis,Non-Fouling,Half-Life,Affinity,Motif,Specificity,job_id,length,motifs,weights,weight_name,n_batches,score_affinity_motif,score_balanced
LTREERYAMIKLCIAEFVYQFNNAF,0.8617653995752335,0.1990305632352829,28.559600830078125,8.345291137695312,0.8591458201408386,0.8454545736312866,151,25,31-50,1+1+1+8+4+2,affinity,600,0.864697464121295,0.8608488860232935
VIDWDRFINEIGVFDYARML,0.7515551894903183,0.0476872138679027,41.75385284423828,8.273523330688477,0.8747327923774719,0.9454545378684998,101,20,21-40,1+1+1+8+4+2,affinity,600,0.8639611442611306,0.8802598229826045
EVRNGFRFNKAIACAQAFVNWLIRH,0.8658511340618134,0.3041201829910278,33.23794174194336,8.297204971313477,0.8616472482681274,0.8545454740524292,147,25,21-40,1+1+1+8+2+1,more-affinity,600,0.8602330018880386,0.8590954963209169
PLLAEFRYYREIHAAIALLVARCQM,0.8268027752637863,0.092291310429573,37.17229843139648,8.020145416259766,0.9215213656425476,0.8727272748947144,149,25,21-40,1+1+1+4+8+4,specificity,600,0.8572407521895633,0.8603380567305936
YECIKFRLRRAYNEVFAIILKALSF,0.9101148396730424,0.1122325807809829,88.64791870117188,8.370207786560059,0.8274846076965332,0.8636363744735718,151,25,31-50,1+1+1+8+4+2,affinity,600,0.851828271788102,0.854189892325196
REYYIQRVIDWFNFTRVNFN,0.7974059283733368,0.0968197733163833,36.09851837158203,8.234844207763672,0.8523223996162415,0.9272727370262146,101,20,21-40,1+1+1+8+4+2,affinity,600,0.8481588251910206,0.8639816075580595
PFIFVIKRPYYEAIIRRVFAECQRV,0.8425755500793457,0.2002786695957183,26.69232177734375,8.207253456115723,0.8531126379966736,0.8545454740524292,147,25,21-40,1+1+1+8+2+1,more-affinity,600,0.845274705845565,0.847128859486938
LTMLEFRDWVYAHIFEFGYD,0.8442325443029404,0.0718416944146156,100.0,8.177618980407715,0.8527773022651672,0.9272727370262146,101,20,21-40,1+1+1+8+4+2,affinity,600,0.8415848970839748,0.8587224650724228
QLKRIKLREVWDFDKVRRVILRFFM,0.894411027431488,0.0983746498823165,57.06072616577149,8.524324417114258,0.7606623768806458,0.8909090757369995,147,25,21-40,1+1+1+8+2+1,more-affinity,600,0.8367343519516959,0.8475692967087567
YRWALLIEGTYDECFKAVFRRRVNK,0.8667342662811279,0.123972937464714,32.34318542480469,8.388118743896484,0.7926308512687683,0.8636363744735718,146,25,21-40,1+1+1+8+4+2,affinity,600,0.8365301612952956,0.841951403930951
VLLDINAKKRSIAYEFFIRLICEGW,0.8839979916810989,0.0974308103322982,32.25430679321289,8.301485061645508,0.8121511340141296,0.8818181753158569,151,25,31-50,1+1+1+8+4+2,affinity,600,0.8359936455507841,0.8451585515037987
YRFEMAWALLENTVYRLLLRVVENG,0.9058789312839508,0.1282899081707,89.97400665283203,8.15833854675293,0.8431015014648438,0.8454545736312866,146,25,21-40,1+1+1+8+4+2,affinity,600,0.8344554628455194,0.8366552850026729
SKWEAVFDKNIIGLELFEFYQRRYT,0.8503503352403641,0.0674503669142723,39.990665435791016,8.199213981628418,0.8291789293289185,0.8727272748947144,151,25,31-50,1+1+1+8+4+2,affinity,600,0.8323523373277425,0.8404273248411369
LRIVYAFLSRWEYLKERCERVINDT,0.872065395116806,0.1125575378537178,43.60676956176758,8.382408142089844,0.7843915820121765,0.8727272748947144,152,25,31-50,1+1+1+8+2+1,more-affinity,600,0.8317318055598275,0.8399308994268049
LEKAVTEVLQRAEFFYYIRV,0.9085979014635086,0.0927654430270195,25.48610115051269,8.072565078735352,0.8557025790214539,0.8727272748947144,106,20,31-50,1+1+1+8+4+2,affinity,600,0.8305615833908456,0.8389947216916195
EFVCRNRDALIIYDPVRLIIAWEKK,0.8700868785381317,0.0791897550225257,28.07547187805176,8.188735961914062,0.8264660239219666,0.8727272748947144,146,25,21-40,1+1+1+8+4+2,affinity,600,0.8297505424725461,0.8383458889569799
YEKVRYFNEAKVRLVEKFVREIRRW,0.8269037902355194,0.3079901933670044,27.15948867797852,8.736026763916016,0.6953921914100647,0.8636363744735718,157,25,41-60,1+1+1+8+2+1,more-affinity,600,0.8292606793394433,0.836135818366269
HIRVELWYNRESFIRALVAA,0.8204689621925354,0.211941048502922,34.76167678833008,8.280569076538086,0.8012624979019165,0.8454545736312866,107,20,31-50,1+1+1+8+2+1,more-affinity,600,0.8280634037601247,0.8315416377343572
HADEEDANFLMAMLFYRWLQIVCYE,0.8914299085736275,0.1627744883298874,49.79608154296875,8.066513061523438,0.8472403883934021,0.918181836605072,145,25,21-40,1+1+1+4+4+2,balanced,600,0.8256111887872213,0.8441253183507915
RVMWGIKLFDFVINYNNEFMLIRIR,0.8558786660432816,0.0547236055135726,46.56006240844727,8.17611026763916,0.8192043304443359,0.9727272987365724,146,25,21-40,1+1+1+8+4+2,affinity,600,0.8246190964121118,0.8542407368770041
KNWYEKLIFEIALRVHAMRA,0.9074507132172585,0.2095441967248916,100.0,8.256765365600586,0.7965179681777954,0.8727272748947144,108,20,31-50,1+1+1+10+1+1,max-affinity,600,0.8228620008160632,0.8328350556317936
KFFCEIVYARNVADKQLAEIFWYQK,0.864512637257576,0.1834335625171661,28.83696937561035,8.057207107543945,0.8437746167182922,0.8818181753158569,150,25,31-50,1+1+1+4+4+2,balanced,600,0.8227722641113585,0.8345814463522583
ILMGFDYCYLGRIVVNKIDFNERIW,0.9089591428637503,0.1085516363382339,26.64406013488769,8.403613090515137,0.7607593536376953,1.0,147,25,21-40,1+1+1+8+2+1,more-affinity,600,0.8224359592112602,0.8579487673690083
LRVYDETRNEPFKKLVALLFYQAFN,0.8839539065957069,0.1393691748380661,30.94141387939453,8.058260917663574,0.840792179107666,0.8999999761581421,150,25,31-50,1+1+1+4+4+2,balanced,600,0.8214062936065507,0.8371250301168691
RAQDIVELIIYRAFWALVPE,0.8304940909147263,0.0763734132051467,53.43404006958008,8.019339561462402,0.8482665419578552,0.800000011920929,106,20,31-50,1+1+1+8+4+2,affinity,600,0.820517562235066,0.8164140521722386
QQWNKINLEYFRVLDYCFRRNILPI,0.8625161349773407,0.0357293523848056,30.820470809936523,8.092239379882812,0.8298487067222595,0.8909090757369995,146,25,21-40,1+1+1+8+4+2,affinity,600,0.819972993340274,0.8341602098196191
KQEKWLYADYFVNFLRVFEI,0.8813058435916901,0.1104160919785499,100.0,8.211824417114258,0.8011137247085571,0.8818181753158569,100,20,21-40,1+1+1+4+4+2,balanced,600,0.8198185207891282,0.832218451694474
DVCLYYRRKQQLFKIELILWDKDTK,0.9007833823561668,0.1261564791202545,62.99821090698242,8.357324600219727,0.7647010684013367,0.8909090757369995,151,25,31-50,1+1+1+8+4+2,affinity,600,0.8189052991617478,0.8333060544767983
MSEAFLERIVRAIRRGEGVVIFIID,0.8005305677652359,0.1103238016366958,56.79863739013672,8.397794723510742,0.7546906471252441,0.8636363744735718,157,25,41-60,1+1+1+8+2+1,more-affinity,600,0.8187100766506161,0.8276953362152073
RVDAVSWSYHIREAFEIALLILKRK,0.841476559638977,0.0268303640186786,59.736595153808594,8.324771881103516,0.770462155342102,0.8818181753158569,152,25,31-50,1+1+1+8+2+1,more-affinity,600,0.8179168602887406,0.8306971232941638
FARRWCKALIINDVIRFIEL,0.8456799238920212,0.1628094613552093,81.09780883789062,8.149984359741211,0.809687614440918,0.8999999761581421,101,20,21-40,1+1+1+8+4+2,affinity,600,0.8167556006797774,0.8334044757754504
LRIIPVNCFELAWVVYYKIGIPAEH,0.8325116783380508,0.1963359415531158,41.1810417175293,8.154687881469727,0.8066568374633789,0.8909090757369995,147,25,21-40,1+1+1+8+2+1,more-affinity,600,0.8157992389947109,0.8308212063431687
DDGVVEYWAGIFLIIARARV,0.8476272225379944,0.1363799273967743,84.27032470703125,8.169757843017578,0.7973936200141907,0.9818181991577148,102,20,21-40,1+1+1+8+2+1,more-affinity,600,0.812958737640781,0.8467306299441677
MGIERLLDHAVILAQRVWICVIVIE,0.8667911440134048,0.1093426123261451,36.43073272705078,8.05357551574707,0.8243846893310547,0.8636363744735718,148,25,21-40,1+1+1+10+1+1,max-affinity,600,0.8126456755052294,0.8228438152988979
ILRIECRFYAANKWERFKAAFMVYL,0.9186418652534484,0.1977845430374145,84.16071319580078,8.349822998046875,0.7520297169685364,0.9090909361839294,152,25,31-50,1+1+1+8+2+1,more-affinity,600,0.8116780369007557,0.8311606167573904
ISEEHLRWVRERFALVRFVILPDPF,0.7988283932209015,0.1508771926164627,31.71565055847168,8.181413650512695,0.7898663878440857,0.8636363744735718,156,25,41-60,1+1+1+8+4+2,affinity,600,0.8105804471021312,0.8211916325764195
REEIAFEEFAWRAYQAIIYGIKFQC,0.9012765735387802,0.1291819810867309,100.0,8.091312408447266,0.8109499216079712,0.8818181753158569,151,25,31-50,1+1+1+8+4+2,affinity,600,0.8104134276174364,0.8246943771571207
MPFEEICWFVIAYLRQEQAF,0.8000708073377609,0.1604564785957336,47.34311676025391,8.177957534790039,0.7887718677520752,0.8818181753158569,101,20,21-40,1+1+1+8+4+2,affinity,600,0.8096224179692201,0.8240615694385476
KFFLHADDIWEFLRILEVIR,0.7764371186494827,0.0730272531509399,100.0,8.177804946899414,0.7856619358062744,0.8909090757369995,106,20,31-50,1+1+1+8+4+2,affinity,600,0.808049316495794,0.8246212683440353
IVIWYRKECDFGIAIVRVYQ,0.873471811413765,0.2336627393960952,35.160282135009766,8.444454193115234,0.7221355438232422,1.0,102,20,21-40,1+1+1+8+2+1,more-affinity,600,0.8079781343666012,0.8463825074932809
ICGFNKRPIRIKFWLLAQVI,0.8321217149496078,0.2623681724071502,55.37298583984375,8.092480659484863,0.805236279964447,0.8636363744735718,102,20,21-40,1+1+1+8+2+1,more-affinity,600,0.807695456721574,0.8188836402719735
MFAMCYAVAKNWRRDFLVVIYEKAR,0.8738259971141815,0.1305747926235199,36.37956619262695,8.105835914611816,0.8009422421455383,0.8818181753158569,145,25,21-40,1+1+1+4+4+2,balanced,600,0.8071357474956267,0.8220722330596728
QLDKFEIEQAVINFFIRYCR,0.7580593377351761,0.0529219545423984,34.25824737548828,8.005026817321777,0.8239831924438477,0.8818181753158569,106,20,31-50,1+1+1+8+4+2,affinity,600,0.8066747775287566,0.8217034570861768
RKFKCLLAKSAAWRIYLFEKEIIDE,0.915394626557827,0.1747158914804458,74.17546081542969,8.10908317565918,0.7962316870689392,0.8727272748947144,150,25,31-50,1+1+1+4+4+2,balanced,600,0.8051664160778885,0.8186785878412538
IFTKWRFKNVRPMEIEIYFYCIRDV,0.8760880380868912,0.1559376418590545,42.96834945678711,8.328463554382324,0.7431212663650513,0.9818181991577148,146,25,21-40,1+1+1+8+4+2,affinity,600,0.8046851815660574,0.8401117850843889
MEVAFRIAWEVCAAYKPRVR,0.8657732158899307,0.2339279800653457,25.974193572998047,8.326109886169434,0.7413495779037476,0.9272727370262146,101,20,21-40,1+1+1+8+4+2,affinity,600,0.8035195972397975,0.828270225197081
RWFEMQANFRYLNARYCAGFSSLVD,0.8881583139300346,0.1316916942596435,35.88511657714844,8.117876052856445,0.7872619032859802,0.8999999761581421,151,25,31-50,1+1+1+8+4+2,affinity,600,0.8017265824041995,0.821381261154988
AKFFEIVRKCGRAFILLIIR,0.8858360052108765,0.2463461905717849,72.16122436523438,8.00626277923584,0.813599705696106,0.8636363744735718,102,20,21-40,1+1+1+8+2+1,more-affinity,600,0.8016299317091435,0.8140312202620292
HFEFLKVIRIWEIIVACDRD,0.885184146463871,0.2220309525728225,25.37053680419922,8.047807693481445,0.8033564686775208,0.836363673210144,101,20,21-40,1+1+1+8+4+2,affinity,600,0.801446043258593,0.8084295692489032
MIVRKEIWVIYYNKFRKMNELALQK,0.8773462772369385,0.1045463308691978,38.59789276123047,8.304393768310547,0.7403141260147095,0.9090909361839294,147,25,21-40,1+1+1+8+2+1,more-affinity,600,0.8004208495298442,0.8221548668606613
HPTKAEVLEFYYRVIFNPLI,0.8254058510065079,0.0543436408042907,38.73318099975586,8.083518028259277,0.7921056151390076,0.8818181753158569,107,20,31-50,1+1+1+8+2+1,more-affinity,600,0.800064890346729,0.8164155473405548
LDYIDYFKEALALVIRWIRV,0.7153811752796173,0.163569763302803,29.42732810974121,8.287540435791016,0.7391566038131714,0.8909090757369995,107,20,31-50,1+1+1+8+2+1,more-affinity,600,0.7978390223960174,0.8164530330642139
ISIPEIALEVLYYCERERPWEFMLA,0.7907929569482803,0.1121269464492797,48.84214401245117,8.280458450317383,0.7399449348449707,0.8636363744735718,152,25,31-50,1+1+1+8+2+1,more-affinity,600,0.7973914739937706,0.810640454089731
MLIKGFQLVSVEEWYYATRF,0.8544075340032578,0.1803846508264541,85.04457092285156,8.043149948120117,0.7932431101799011,0.8909090757369995,102,20,21-40,1+1+1+8+2+1,more-affinity,600,0.7958357778562378,0.8148504374323903
HKWFFSRENFVIIVRNALERLKQRD,0.8151612430810928,0.0709811523556709,100.0,8.23620319366455,0.7459580302238464,0.8181818127632141,156,25,41-60,1+1+1+8+4+2,affinity,600,0.7951381597963797,0.7997468903897466
IKWRLTFKEQVRLLCADIRY,0.8761517852544785,0.0726095363497734,29.29193115234375,8.39105224609375,0.7084593772888184,0.8272727131843567,112,20,41-60,1+1+1+8+2+1,more-affinity,600,0.7947930793029262,0.8012890060792123
AKDDIYYAVFRIAWEMFLSRRREHK,0.790947437286377,0.0619030483067035,100.0,8.319784164428711,0.724060595035553,0.9727272987365724,147,25,21-40,1+1+1+8+2+1,more-affinity,600,0.7941232759620339,0.8298440805169417
YRYVREKGWCKFFAFVNKRA,0.903659388422966,0.3829049170017242,73.91986846923828,8.292831420898438,0.730267345905304,0.9909090995788574,102,20,21-40,1+1+1+8+2+1,more-affinity,600,0.7940232419228106,0.83340041345402
LKPEGRLEDEIWFIVTFFLYRARRG,0.9154837131500244,0.0871407836675643,26.3787899017334,8.138368606567383,0.765058696269989,0.9272727370262146,147,25,21-40,1+1+1+8+2+1,more-affinity,600,0.7930605766167981,0.8199030086986814
ELIVIHGYFRNYWIRCETGK,0.8705432415008545,0.1449558287858963,53.85346984863281,8.163533210754395,0.7569870948791504,0.9545454382896424,101,20,21-40,1+1+1+8+4+2,affinity,600,0.7920156599986927,0.8245216156568826
DRKAIIFVIYFDYGHWKKKQ,0.8756210207939148,0.0950908213853836,77.47455596923828,8.335976600646973,0.7148499488830566,1.0,102,20,21-40,1+1+1+8+2+1,more-affinity,600,0.7914424695321917,0.8331539756257533
NDREEREFIMNFLIAYFDWLIAEYC,0.8666309416294098,0.0711637735366821,87.75813293457031,8.004395484924316,0.7936321496963501,0.9090909361839294,151,25,31-50,1+1+1+8+4+2,affinity,600,0.791424220521583,0.8149575636540523
ARKRSVVERVYEWMLAIIFF,0.9046821370720864,0.0843044072389602,46.80957412719727,8.336564064025879,0.714475154876709,0.9727272987365724,103,20,21-40,1+1+1+10+1+1,max-affinity,600,0.7913248942060416,0.8276053751121478
VLKFFGVEREVARFEICGIQLLRRK,0.8381920158863068,0.0707506090402603,26.2285270690918,8.238645553588867,0.7373444437980652,0.8272727131843567,157,25,41-60,1+1+1+8+2+1,more-affinity,600,0.7911216479387777,0.7983518609878935
VSERLFIENFIWRIVYEFRR,0.8677529841661453,0.0799144431948661,100.0,8.335848808288574,0.7091593742370605,0.9818181991577148,103,20,21-40,1+1+1+10+1+1,max-affinity,600,0.7885819937275034,0.8272292348135457
SEAEEWIIVKRIAKLLGVVYNRFFC,0.8847338706254959,0.2154659926891327,27.776775360107425,8.279157638549805,0.7223443984985352,0.8727272748947144,152,25,31-50,1+1+1+8+2+1,more-affinity,600,0.7884366006785717,0.8052947355218003
DCFHEFAAKEVVMFIIEMISGRIRV,0.8431535810232162,0.1766033917665481,60.43856430053711,8.390693664550781,0.6924912929534912,0.8909090757369995,142,25,11-30,1+1+1+8+2+1,more-affinity,600,0.7867664187090273,0.8075949501146219
KTVIDGIVYFLVGGVMDFERYEKVI,0.9062630757689476,0.1749710589647293,32.854618072509766,8.218912124633789,0.7333025336265564,0.9818181991577148,148,25,21-40,1+1+1+10+1+1,max-affinity,600,0.786755319247544,0.8257678952295782
IEKRLNTYCIRVNKFAAFFIRWEKR,0.9506875537335872,0.1873378306627273,46.7491340637207,8.62629222869873,0.6356868147850037,0.918181836605072,152,25,31-50,1+1+1+8+2+1,more-affinity,600,0.7863657324770161,0.8127289533026273
ITKKERKELVAAFVRFVSYEEWEGY,0.8862430825829506,0.1536498963832855,32.54990005493164,8.578858375549316,0.6466399431228638,0.8818181753158569,152,25,31-50,1+1+1+8+2+1,more-affinity,600,0.7862046496137924,0.8053273547542055
LHFWILRDAREARVECFISY,0.8096938580274582,0.0658112242817878,69.78650665283203,8.192191123962402,0.737710177898407,0.8636363744735718,101,20,21-40,1+1+1+8+4+2,affinity,600,0.7857832752007938,0.8013538950553496
EKWNLVVYNLRTIVYFVDFADMERR,0.8834767565131187,0.0705881565809249,27.89481544494629,8.359750747680664,0.6967770457267761,0.9818181991577148,148,25,21-40,1+1+1+10+1+1,max-affinity,600,0.7852316422828254,0.8245489536578032
MLIFVFRVDDINDERWRKVE,0.8814428448677063,0.1070743352174758,33.08053207397461,8.56493091583252,0.6476584672927856,0.8636363744735718,107,20,31-50,1+1+1+8+2+1,more-affinity,600,0.785058593888275,0.8007741500053345
LLSQHKIEMDEYLWVYRFLLAFAKT,0.7907849550247192,0.1264852583408355,29.790502548217773,8.051212310791016,0.76418536901474,0.9090909361839294,151,25,31-50,1+1+1+8+4+2,affinity,600,0.7822651417826811,0.8076303006629308
NCKIGEKWLKAAAIEMFARVVYFNI,0.9181180074810982,0.3032439053058624,49.11685562133789,8.376789093017578,0.6864039301872253,0.8818181753158569,152,25,31-50,1+1+1+8+2+1,more-affinity,600,0.782070139840495,0.8020197469355674
DKNSWVIYRTIREGVMHFRFILVAD,0.8857347592711449,0.2301202416419983,32.96524429321289,8.13995361328125,0.7405948042869568,0.9454545378684998,145,25,21-40,1+1+1+4+4+2,balanced,600,0.7810170131369921,0.8139045180832938
DAIVCRNVDFFFRITILRIA,0.8189922124147415,0.102812185883522,40.01778793334961,8.091175079345703,0.7503541707992554,0.9545454382896424,103,20,21-40,1+1+1+10+1+1,max-affinity,600,0.7800992302626055,0.8149884718680129
IHYIAEFRAAWIFEGIADQV,0.7841631323099136,0.1144963651895523,52.22599029541016,8.010661125183105,0.7690056562423706,0.9454545378684998,102,20,21-40,1+1+1+8+2+1,more-affinity,600,0.7798556627849276,0.812975437801642
KPREFSLALFRYFYNKTIIRMGWMV,0.8511465638875961,0.2154874205589294,41.271446228027344,8.139363288879395,0.7371045351028442,0.8545454740524292,151,25,31-50,1+1+1+8+4+2,affinity,600,0.7792017168272772,0.7942704682723076
ERLLKELIDLNWVIEVFALLVRKRC,0.7584991306066513,0.0580487698316574,91.46369934082033,8.363064765930176,0.6838165521621704,0.8454545736312866,152,25,31-50,1+1+1+8+2+1,more-affinity,600,0.7791452759025639,0.7924071354483084
DNFYEIIWEVLRVAHLLLRC,0.7780588865280151,0.1698140949010849,49.14308166503906,8.153508186340332,0.7329927682876587,0.8818181753158569,108,20,31-50,1+1+1+10+1+1,max-affinity,600,0.7788269943184118,0.799425230517901
HVIAEFEVYFAKKADWVGALVRLIT,0.8664104789495468,0.0891620516777038,28.326095581054688,8.203306198120117,0.7188225984573364,0.8818181753158569,148,25,21-40,1+1+1+10+1+1,max-affinity,600,0.7776605433466737,0.7984920697405105
NITDDCEVEIWIYYQEEVEL,0.8119943737983704,0.0908336117863655,29.656665802001957,8.07707405090332,0.746269166469574,1.0,132,20,81-100,1+1+1+8+2+1,more-affinity,600,0.7763807811554385,0.8211046249243508
NIYEICRAKFGRLVVEFFKH,0.8818844258785248,0.1100524514913559,49.00872421264648,8.057884216308594,0.749462902545929,0.8727272748947144,106,20,31-50,1+1+1+8+4+2,affinity,600,0.7756968833087594,0.7951029616259505
DALAAFRNECEYFIIRVIFT,0.882943369448185,0.0984570905566215,40.00750732421875,8.096986770629883,0.7370972633361816,0.8545454740524292,107,20,31-50,1+1+1+8+2+1,more-affinity,600,0.7741615124073391,0.7902383047363573
HLVFRVVMNGCFELIGINVAIRVRG,0.7934942245483398,0.1673761904239654,44.4980354309082,8.158515930175781,0.7200219631195068,0.9545454382896424,147,25,21-40,1+1+1+8+2+1,more-affinity,600,0.772936776192212,0.8092585086116981
DDVTNWILDIFVFVFRIIRT,0.7937650829553604,0.1119638830423355,39.20802688598633,8.049261093139648,0.7434649467468262,0.9545454382896424,96,20,11-30,1+1+1+8+4+2,affinity,600,0.7716730229357525,0.8082475060065304
RFMTREDYSWECEYGFRLGHELDRE,0.8170402944087982,0.094348520040512,49.0142936706543,8.083345413208008,0.7324265837669373,0.9818181991577148,147,25,21-40,1+1+1+8+2+1,more-affinity,600,0.7702048588757242,0.8125275269321224
NRVRFYIRYFRKFKLAEIAMNLSGK,0.9348025098443032,0.1529341042041778,30.352039337158203,8.448543548583984,0.6435285806655884,0.8818181753158569,153,25,31-50,1+1+1+10+1+1,max-affinity,600,0.7691606842018616,0.7916921824246608
MKVLVYIMFPEFDHEEAWRVSLIFE,0.782422661781311,0.0656484439969062,100.0,8.37569808959961,0.6607818603515625,0.8999999761581421,152,25,31-50,1+1+1+8+2+1,more-affinity,600,0.7691294360939052,0.7953035441067526
RVIRFRFWSLGYGVYKLNRC,0.8618037551641464,0.157672107219696,38.62543869018555,8.227445602416992,0.6955150961875916,1.0,102,20,21-40,1+1+1+8+2+1,more-affinity,600,0.7688758283949584,0.8151006627159667
KVAEELYARFRVYLWGNMRG,0.8764281049370766,0.2104051411151886,30.530208587646484,8.28115463256836,0.6774531602859497,1.0,102,20,21-40,1+1+1+8+2+1,more-affinity,600,0.7662283299354085,0.8129826639483266
HAVIKSWVRFGVSFEYLRKRVKKRI,0.9196263551712036,0.2601265907287597,30.77814102172852,8.400413513183594,0.6472495198249817,0.9727272987365724,148,25,21-40,1+1+1+10+1+1,max-affinity,600,0.7653007635282563,0.8067860705699196
KDEFLFVNFLILVARNQLLEEVWAC,0.8823138549923897,0.085872434079647,26.841426849365234,8.031967163085938,0.7343552708625793,0.8818181753158569,150,25,31-50,1+1+1+4+4+2,balanced,600,0.7650627527028036,0.7884138372254144
TFKEYVIWFEMDAAKFVYES,0.8766512051224709,0.1600282937288284,27.37230682373047,8.254698753356934,0.6793345808982849,0.918181836605072,106,20,31-50,1+1+1+8+4+2,affinity,600,0.7640246844910639,0.7948561149138655
ALFHIQRAKVMWERYYFCIN,0.88526900857687,0.178023025393486,43.46235656738281,8.054344177246094,0.7261990904808044,0.8545454740524292,106,20,31-50,1+1+1+8+4+2,affinity,600,0.7636442336640021,0.7818244817416877
PTWIRIEQTPREVAIFQLTFKYFAD,0.9352595433592796,0.2008136510848999,34.48638916015625,8.006795883178711,0.7327284812927246,0.9363636374473572,145,25,21-40,1+1+1+4+4+2,balanced,600,0.7612576804124144,0.7962788718194029
SPRLYFYAKDKGLICEVIVG,0.8997627347707748,0.2660593092441559,51.89484786987305,8.069753646850586,0.7138326168060303,0.8181818127632141,106,20,31-50,1+1+1+8+4+2,affinity,600,0.7592924556859488,0.7710703271014019
MYFRDIVVCDLWKIRLNGDY,0.8570717573165894,0.0695739164948463,25.307411193847656,8.23306655883789,0.6735082864761353,1.0,103,20,21-40,1+1+1+10+1+1,max-affinity,600,0.7585404900398438,0.806832392031875
DFCKDVYYIRVIALFAFIDK,0.8717168271541595,0.084151767194271,25.465717315673828,8.205455780029297,0.6799907088279724,0.8818181753158569,108,20,31-50,1+1+1+10+1+1,max-affinity,600,0.7585000823956467,0.7831637009796888
EVFEITFAQLVRGSVIRWGIRMEVK,0.8344757556915283,0.2316572666168213,34.232818603515625,8.168566703796387,0.6881826519966125,0.9909090995788574,148,25,21-40,1+1+1+10+1+1,max-affinity,600,0.7582116833810135,0.8047511666205824
LKAEEFPWYYRRIILSHNDSKTRIK,0.8874057829380035,0.0692879036068916,82.21633911132812,8.27615737915039,0.6601317524909973,0.9909090995788574,147,25,21-40,1+1+1+8+2+1,more-affinity,600,0.7569736883957172,0.8037607706323453
YEVCELIFEILRAESSLVWKKKIFL,0.8977954685688019,0.0911003798246383,28.665918350219727,8.053451538085938,0.710470974445343,0.8636363744735718,151,25,31-50,1+1+1+8+4+2,affinity,600,0.7556740829681965,0.7772665412692716
KMGYKMGVFPFVAFVNHVRVRIWVQ,0.823066771030426,0.2064028829336166,32.63937759399414,8.012425422668457,0.7200114727020264,0.9636363387107848,140,25,11-30,1+1+1+4+4+2,balanced,600,0.7555682627395832,0.7971818779338236
VVRYDAWRIGRVESFQAALKFLTMF,0.8473996967077255,0.1301036328077316,26.058868408203125,8.129420280456543,0.6872410178184509,0.8909090757369995,153,25,31-50,1+1+1+10+1+1,max-affinity,600,0.7530882036320782,0.7806523780530625
ISRRDWCVNEILELVRYFNF,0.8468898385763168,0.0450991690158844,28.26312255859375,8.210103988647461,0.6659308671951294,0.8272727131843567,112,20,41-60,1+1+1+8+2+1,more-affinity,600,0.7520226142639876,0.7670726340480615
FVIDYTRVEFGIAWFILRPA,0.8438091576099396,0.1330464780330658,45.10805130004883,8.04354190826416,0.7002424001693726,1.0,102,20,21-40,1+1+1+8+2+1,more-affinity,600,0.7493820084179488,0.7995056067343591
VEFWIFQGALIRLIILEDRK,0.8830184265971184,0.0534253530204296,60.93601989746094,8.201642990112305,0.6617948412895203,0.8909090757369995,107,20,31-50,1+1+1+8+2+1,more-affinity,600,0.748948987807036,0.7773410053930287
RFFAGARIVVEVLEVRRGRTVILAY,0.8576321750879288,0.2568725049495697,29.50630187988281,8.083931922912598,0.6849805116653442,0.8545454740524292,157,25,41-60,1+1+1+8+2+1,more-affinity,600,0.7465515311550732,0.7681503197345445
YFVIRVRPFVSWACHFLEMANADHE,0.8715302795171738,0.1450088918209076,29.26077461242676,8.174814224243164,0.6590632796287537,0.9909090995788574,145,25,21-40,1+1+1+4+4+2,balanced,600,0.7443945325967309,0.7936974459931563
QTARVIFRFRLTPEWRLAMKIFMDK,0.8686968833208084,0.3726527094841003,28.39590835571289,8.1536226272583,0.6625739336013794,0.8272727131843567,156,25,41-60,1+1+1+8+4+2,affinity,600,0.7436311786006664,0.7603594855174045
IKWLILEFRILGVYEMEINIFTVYC,0.8329247385263443,0.1780326217412948,44.83501052856445,8.168526649475098,0.659003734588623,0.918181836605072,152,25,31-50,1+1+1+8+2+1,more-affinity,600,0.7436174641081308,0.7785303386075191
GLAWFKAQIVIRENKIEIEL,0.878699004650116,0.1736203134059906,64.09635925292969,8.165901184082031,0.6538705229759216,0.8454545736312866,111,20,41-60,1+1+1+8+4+2,affinity,600,0.7407388143458606,0.7616819662029459
FKVQEDGGFANLVINFELVRKVYYR,0.9147636741399764,0.0874098017811775,36.1138916015625,8.298295021057129,0.6208011507987976,0.8636363744735718,152,25,31-50,1+1+1+8+2+1,more-affinity,600,0.7399395086352538,0.7646788818029175
FIFRGVSFRVDAWAVKYNAYSLAAI,0.887434184551239,0.3562136590480804,34.7939453125,8.18490219116211,0.643513023853302,1.0,148,25,21-40,1+1+1+10+1+1,max-affinity,600,0.7378183879875069,0.7902547103900055
NFREFAWRLRIEDIPEIIVY,0.6916298866271973,0.0276836976408958,33.96052551269531,8.385297775268555,0.5939605236053467,0.836363673210144,112,20,41-60,1+1+1+8+2+1,more-affinity,600,0.7368597173976169,0.7567605085601224
KIGKKKEWVFAFIIIENYFD,0.9032521545886992,0.1888116896152496,43.76205062866211,8.376087188720703,0.5935221910476685,0.9090909361839294,107,20,31-50,1+1+1+8+2+1,more-affinity,600,0.7355458469682985,0.7702548648114247
DRKELICFLDRVFRFILVYQ,0.8959283381700516,0.0744435340166091,33.32078552246094,8.189871788024902,0.6339412331581116,0.8090909123420715,97,20,11-30,1+1+1+8+2+1,more-affinity,600,0.7336231432226563,0.7487166970465394
KIWERIDVETGELIFQFLLIELVVY,0.9180270284414292,0.2701008915901184,66.26614379882812,8.140478134155273,0.6453925967216492,0.8272727131843567,158,25,41-60,1+1+1+10+1+1,max-affinity,600,0.7334782501373952,0.7522371427467875
KVRLRFLDACAFRVIEIVAT,0.8743670284748077,0.2507409751415252,42.323577880859375,8.02279281616211,0.669822096824646,0.8090909123420715,112,20,41-60,1+1+1+8+2+1,more-affinity,600,0.7317057687147325,0.7471827974402002
FEMRIVVHGAELPWKDEVYFLRFRN,0.8882855921983719,0.1121159866452217,38.068241119384766,8.092584609985352,0.6523765921592712,0.9636363387107848,148,25,21-40,1+1+1+10+1+1,max-affinity,600,0.7312779676287191,0.7777496418451322
VQYHNAPEKFAYVVRITFLWIIFGM,0.8719935417175293,0.2001926600933075,67.72388458251953,8.105039596557617,0.6424407958984375,0.8909090757369995,152,25,31-50,1+1+1+8+2+1,more-affinity,600,0.7277903797287081,0.7604141189303664
AVKKLVRALIELGYEIHMYAWVRLP,0.847842738032341,0.0896920412778854,53.47864532470703,8.008935928344727,0.6607881784439087,0.8727272748947144,158,25,41-60,1+1+1+10+1+1,max-affinity,600,0.7255418793828785,0.7549789584852458
KVIRAWSNAIFELVFCYRMMREIIN,0.8944060727953911,0.2557950615882873,34.63615417480469,8.170499801635742,0.6090514659881592,0.8999999761581421,153,25,31-50,1+1+1+10+1+1,max-affinity,600,0.718875844499071,0.7551006708308854
DAYCAVYQMRDRWFRGIFIA,0.7601317763328552,0.1476406008005142,34.83763885498047,8.046929359436035,0.6278660297393799,1.0,102,20,21-40,1+1+1+8+2+1,more-affinity,600,0.7135964313146218,0.7708771450516976
SFIVMSDYCGWQYELLIVIK,0.8320439606904984,0.1328515857458114,27.582744598388672,8.108759880065918,0.6027428507804871,0.9090909361839294,106,20,31-50,1+1+1+8+4+2,affinity,600,0.7083835733419237,0.748525045910325
TLRNVWFYLENNIVIYAFVIGEEEQ,0.8793122172355652,0.3093321621417999,100.0,8.127082824707031,0.5974084734916687,0.8636363744735718,153,25,31-50,1+1+1+10+1+1,max-affinity,600,0.7078941182700098,0.7390425695107223
RFWRCPRMEVIKFFLEVAYL,0.9033927395939828,0.2758070230484009,29.956016540527344,8.081401824951172,0.603522002696991,0.8999999761581421,107,20,31-50,1+1+1+8+2+1,more-affinity,600,0.7055215674028057,0.744417249153873
WYYADIAECSMTALRDEDGVVEEGF,0.8711369186639786,0.2170786410570144,30.356380462646484,8.259908676147461,0.5602645874023438,0.9818181991577148,176,25,81-100,1+1+1+8+4+2,affinity,600,0.7051089017391657,0.7604507612228755
VSYNMVNVFHLKRGRGWRKFIICQQ,0.8890822306275368,0.1165693998336792,40.63211441040039,8.219377517700195,0.5639004111289978,1.0,148,25,21-40,1+1+1+10+1+1,max-affinity,600,0.702109571275368,0.7616876570202944
GRFENIEEITIALIVWQCLAYAERE,0.8880101144313812,0.2039629518985748,100.0,8.431132316589355,0.5086281895637512,0.800000011920929,158,25,41-60,1+1+1+10+1+1,max-affinity,600,0.6996411146940884,0.7197128941394565
GQRYRKRWVCYGMEINEKGQKIIVE,0.923506647348404,0.1566122025251388,27.682531356811523,8.30391788482666,0.5288991332054138,1.0,147,25,21-40,1+1+1+8+2+1,more-affinity,600,0.6946567930329319,0.7557254344263455
IEKNGYEEVFVWAFVDRCEY,0.8602754473686218,0.2747168242931366,29.41563415527344,8.348856925964355,0.513532817363739,0.9727272987365724,97,20,11-30,1+1+1+8+2+1,more-affinity,600,0.692314766710654,0.7483972731158377
KEGFEWVVERGFRLIVVVLR,0.8940069675445557,0.2964859306812286,73.53260803222656,8.229541778564453,0.5382125973701477,0.9727272987365724,95,20,11-30,1+1+1+4+4+2,balanced,600,0.6904737154247076,0.7469244320870806
DEKVQLVELFILKSWREIFI,0.8856868520379066,0.0846309214830398,35.54236602783203,8.209941864013672,0.5393640398979187,0.836363673210144,112,20,41-60,1+1+1+8+2+1,more-affinity,600,0.6887199316460738,0.718248679958888
HLRCIWMLIVAFEIEVTEERMDAGA,0.8987968489527702,0.3851606547832489,30.39167213439941,8.080018043518066,0.568626344203949,0.9636363387107848,147,25,21-40,1+1+1+8+2+1,more-affinity,600,0.6879092718358927,0.7430546852108711
DNRIIVMRYFGILTFREWER,0.9052240177989006,0.0811638534069061,34.90604782104492,8.19407844543457,0.5378532409667969,0.9090909361839294,107,20,31-50,1+1+1+8+2+1,more-affinity,600,0.6860791202071155,0.7306814834024782
DLTVFGGIRKRVAQWQVGVYFVIDF,0.7753704786300659,0.2046363651752472,29.648998260498047,8.033621788024902,0.5739560723304749,0.9727272987365724,143,25,11-30,1+1+1+10+1+1,max-affinity,600,0.6850598102705763,0.7425933079637755
ILAYVERHIALVMLVYENPEVNLRN,0.8100392520427704,0.114141047000885,33.27021789550781,8.211627960205078,0.5304268002510071,0.836363673210144,157,25,41-60,1+1+1+8+2+1,more-affinity,600,0.6844517091034263,0.7148341019247699
MITVDGEVILVWEIRVTLFD,0.8088524341583252,0.1246092170476913,42.43149185180664,8.113729476928711,0.5474905967712402,0.9727272987365724,96,20,11-30,1+1+1+8+4+2,affinity,600,0.6813480969200449,0.7396239372833505
QEEWKVMFCFIPEENDYGYVVRFVA,0.8134533166885376,0.1332729607820511,30.395233154296875,8.287467956542969,0.5044527053833008,0.8818181753158569,142,25,11-30,1+1+1+8+2+1,more-affinity,600,0.6804784588183326,0.7207464021178375
YWAAAEGEDKDVIGFARVMVVFCGL,0.9174563735723495,0.4100067913532257,28.052169799804688,8.120573043823242,0.5426639318466187,1.0,143,25,11-30,1+1+1+10+1+1,max-affinity,600,0.6797481416563094,0.7437985133250475
LKEEMRWRYYRATFFLVRIK,0.932717464864254,0.3659222424030304,66.39637756347656,8.23259162902832,0.5020421743392944,0.918181836605072,108,20,31-50,1+1+1+10+1+1,max-affinity,600,0.6727509872260373,0.7218371571018443
KRGKIMEAAWDGVSYFHLICGGRVY,0.9264961332082748,0.23617023229599,25.005258560180664,8.175508499145508,0.5098339915275574,0.9727272987365724,143,25,11-30,1+1+1+10+1+1,max-affinity,600,0.6698624050735245,0.7304353838061342
VFTYIYDFIFRAARIEREEW,0.8673729598522186,0.1700248271226883,52.16633224487305,8.193337440490723,0.5025643706321716,0.918181836605072,108,20,31-50,1+1+1+10+1+1,max-affinity,600,0.6683466145153751,0.7183136589333146
EEFAIYINGVLVVWIVEEEM,0.9431366361677648,0.1430997550487518,71.02191925048828,8.026050567626953,0.5366649031639099,0.9909090995788574,98,20,11-30,1+1+1+10+1+1,max-affinity,600,0.665514364820587,0.730593311772241
GVTREKAKKKWIAFMYRINY,0.9509709402918816,0.3085541427135467,35.40612030029297,8.055910110473633,0.5216507315635681,0.9090909361839294,108,20,31-50,1+1+1+10+1+1,max-affinity,600,0.6615561697795285,0.7110631230604088
LLEYCAWDMADAAFVFRIRG,0.80364990234375,0.3371190130710602,38.41392135620117,8.105066299438477,0.5050475597381592,0.9090909361839294,108,20,31-50,1+1+1+10+1+1,max-affinity,600,0.6590969353611609,0.7090957355257146
VDHLNTIVRKMWAFVMRVIFRHLRK,0.842216357588768,0.2753590941429138,78.70491027832031,8.099788665771484,0.5039193034172058,0.9545454382896424,141,25,11-30,1+1+1+8+4+2,affinity,600,0.6579055455762535,0.7172335241189312
EWFAYFERLVRICGNLRVAD,0.8782018795609474,0.2530159056186676,26.110254287719727,8.006586074829102,0.5213257670402527,0.918181836605072,108,20,31-50,1+1+1+10+1+1,max-affinity,600,0.6555313869729555,0.7080614768993789
